#chr	pos	ID	ref	alt	repeat_type	mean_BAD	mean_SNP_per_segment	total_cover	n_aggregated	es_mean_ref	es_mean_alt	logitp_ref	fdrp_bh_ref	logitp_alt	fdrp_bh_alt	motif_log_pref	motif_log_palt	motif_fc	motif_pos	motif_orient	motif_conc	novel
chr16	46390790	rs4249114	C	G		1.5	102.0	290	2	-2.192122061121539	1.2839761454399738	1.0	1.0	8.124079475692546e-09	8.798378072175027e-06						No Hit	False
chr16	87782697	rs35921096	C	G	SINE	2.0	152.0	65	2	-0.9950402769833228	1.4931727227802372	0.821824368602069	0.9653316607332328	9.517200210661136e-05	0.0343570927604867						No Hit	False
chr19	41811262	rs2008808	T	G		2.0	715.0	39	1	-1.607324250022558	1.9996217573309791	1.0	1.0	0.0001488434034728	0.0402993514902809						No Hit	False
chr16	87780989	rs4262954	T	C	SINE	2.0	152.0	205	1	-3.660250628025395	1.9379261024423493	1.0	1.0	1.1539375683989026e-08	6.248571932880058e-06						No Hit	False
