#chr	pos	ID	ref	alt	repeat_type	mean_BAD	mean_SNP_per_segment	total_cover	n_aggregated	es_mean_ref	es_mean_alt	logitp_ref	fdrp_bh_ref	logitp_alt	fdrp_bh_alt	motif_log_pref	motif_log_palt	motif_fc	motif_pos	motif_orient	motif_conc	novel
chr10	93465960	rs77084264	A	G		2.0	150.0	44	1	1.9201235143875328	-3.662965012722453	0.000192678487098	0.0444701948222213	1.0	1.0						No Hit	False
chr11	9364404	rs144751836	G	C		1.5	138.0	38	1	1.779681794157964	-1.6166561778094444	0.0002457296055023	0.0354464955937143	1.0	1.0						No Hit	False
chr10	93465961	rs79094889	C	T		2.0	150.0	44	1	1.9201235143875328	-3.662965012722453	0.000192678487098	0.0444701948222213	1.0	1.0						No Hit	False
chr12	57752598	rs238532	C	T		2.0	112.0	50	1	2.253221435895681	-4.169925001442312	2.0800205432406943e-05	0.0120017185344988	1.0	1.0						No Hit	False
